review,sentiment
"This product is absolutely amazing! Great quality and the price is reasonable.",positive
"I love this product, it works exactly as described. Highly recommend to everyone.",positive
"The design is sleek and modern, very pleased with my purchase.",positive
"Fast shipping and excellent customer service. The item arrived in perfect condition.",positive
"Exceeded my expectations in every way. Would definitely buy again!",positive
"Good value for money, does what it's supposed to do.",positive
"I've been using this for 3 months and it still works perfectly. Very durable.",positive
"The product quality is top-notch. I'm very satisfied with my purchase.",positive
"Easy to use and set up. The instructions were clear and helpful.",positive
"This has made my life so much easier. Can't imagine going back to my old one.",positive
"Really happy with this purchase. The product is high quality and well made.",positive
"Works great and the battery life is impressive. Worth every penny!",positive
"The customer service was exceptional when I had questions about the product.",positive
"Love the design and functionality. It's both beautiful and practical.",positive
"Great product for the price. Would recommend to friends and family.",positive
"The product is okay, nothing special but it works.",neutral
"It's fine for the price. Not amazing but gets the job done.",neutral
"Average quality. It works, but I was expecting a bit more for the price.",neutral
"Delivery was on time. Product is as described, nothing more nothing less.",neutral
"The product meets basic expectations but doesn't have any standout features.",neutral
"It's decent. Not the best I've used but certainly not the worst.",neutral
"Functional but basic. It serves its purpose adequately.",neutral
"Middle-of-the-road product. It's neither impressive nor disappointing.",neutral
"Reasonable quality for the price point. Just average overall.",neutral
"Does what it claims, but there are better options available.",neutral
"The product works as expected. Nothing exceptional to report.",neutral
"It's an okay product. Not particularly impressed but it works fine.",neutral
"Mediocre at best. It works, but I wouldn't recommend it to others.",neutral
"Standard product with standard features. Nothing to complain about.",neutral
"It's just alright. Wouldn't buy again but don't regret the purchase either.",neutral
"Disappointed with this purchase. The quality is poor and it broke after a week.",negative
"Terrible product! Didn't work as advertised and customer service was unhelpful.",negative
"Waste of money. Save yours and buy something else.",negative
"The product arrived damaged and the return process was a nightmare.",negative
"Extremely poor quality. It feels cheap and the performance is terrible.",negative
"Don't buy this! It stopped working after just a few uses.",negative
"The worst purchase I've made online. Complete disappointment.",negative
"False advertising. The actual product is nothing like what was shown online.",negative
"I regret buying this. It's unreliable and poorly made.",negative
"The design is awful and the functionality is even worse.",negative
"This product is a joke. Save your money and look elsewhere.",negative
"Poor quality control. The item I received had multiple defects.",negative
"Frustrating to use and the results are disappointing. Would not recommend.",negative
"Overpriced for what you get. Definitely not worth the money.",negative
"The shipping took forever and the product quality is subpar.",negative
"I had high hopes for this laptop. The display is crystal clear, keyboard is responsive, and battery lasts all day. Perfect for my programming work!",positive
"The camera on this smartphone takes stunning photos, even in low light. Apps open instantly and the interface is intuitive. Best phone I've owned.",positive
"This wireless headphone set has incredible sound quality! The noise cancellation feature works like magic in busy environments. Very comfortable for long use.",positive
"The fitness tracker accurately monitors my heart rate and sleep patterns. The app interface is clean and easy to navigate. Great purchase!",positive
"This 4K TV delivers stunning picture quality and vibrant colors. The smart features are intuitive and streaming is smooth. Sound quality exceeded expectations.",positive
"The charging cable frayed after only one week of normal use. Poor quality materials and not worth the price.",negative
"This laptop constantly freezes and crashes, even with basic tasks. The customer support was unhelpful and refused to honor the warranty.",negative
"The smartphone arrived with a cracked screen. When it works, it's incredibly slow and the battery drains in just a few hours.",negative
"These headphones have terrible sound quality - very tinny with no bass. They're also uncomfortable to wear for more than a few minutes.",negative
"The fitness tracker's measurements are wildly inaccurate. The app crashes constantly and syncing is a nightmare. Complete waste of money.",negative
"The tablet is reasonably priced and performs basic functions well. Battery life is average and the display is acceptable for casual use.",neutral
"This speaker provides adequate sound for a small room. Not exceptional clarity but acceptable for the price point.",neutral
"The coffee maker works as expected. Makes decent coffee though nothing special about its features or design.",neutral
"Standard performance from this printer. It handles basic printing jobs fine, though sometimes paper jams occur.",neutral
"This mouse is comfortable enough for everyday use. Not the most responsive for gaming but works fine for office tasks.",neutral
"The online shopping experience was excellent! User-friendly website, clear product descriptions, and a smooth checkout process.",positive
"Very frustrating shopping experience. Website kept crashing, items disappeared from my cart, and checkout was needlessly complicated.",negative
"The site's design is clean and navigation is straightforward. Finding products is easy with the search feature.",positive
"Shipping was extremely fast! Ordered on Monday and received my package by Wednesday. Everything was well-packaged.",positive
"The checkout process needs improvement. Too many steps and the payment options are limited compared to other sites.",negative
"Product recommendations were on point. Found exactly what I needed and discovered some complementary items.",positive
"Customer service was exceptional. Had an issue with my order and the representative resolved it immediately.",positive
"The mobile app keeps crashing when I try to complete my purchase. Very frustrating shopping experience.",negative
"Average online store. The interface is functional but nothing stands out as particularly good or bad.",neutral
"The search functionality on this website is basic but gets the job done. Found what I needed eventually.",neutral
"Received the wrong item and customer service took days to respond. Will not be shopping here again.",negative
"Love the personalized shopping experience! The site remembers my preferences and makes relevant suggestions.",positive
"The product filtering options are limited, making it difficult to narrow down choices efficiently.",negative
"Easy to use shopping cart and wishlist features. Makes keeping track of potential purchases simple.",positive
"Standard e-commerce experience. Nothing particularly innovative but also no major issues with the site.",neutral
